<?xml version='1.0'?>
<home version='6500' exportFlags='17' name='Diamentowe.sh3d' camera='observerCamera' selectedLevel='level-65c1c0ff-8daa-4c47-8495-e80d234921df' wallHeight='243.84'>
  <environment groundColor='00A8A8A8' skyColor='00CCE4FC' lightColor='00D0D0D0'/>
  <observerCamera attribute='observerCamera' lens='PINHOLE' x='467.0629' y='258.54' z='170.0' yaw='13.020434' pitch='0.24902773' fieldOfView='1.9198622' time='1639551600841' fixedSize='true'/>
  <camera attribute='topCamera' lens='PINHOLE' x='-34.855957' y='-490.4447' z='703.9118' yaw='5.673313' pitch='0.41499975' fieldOfView='1.0995575' time='1639569600000'/>
  <camera attribute='storedCamera' id='camera-8acc44c0-4bd8-4211-a460-dcbfba65c66a' name='12/15/21 9:52:17 PM' lens='PINHOLE' x='657.2696' y='-109.212585' z='758.78534' yaw='18.757933' pitch='0.7349993' fieldOfView='1.0995575' time='1639569600000'/>
  <level id='level-65c1c0ff-8daa-4c47-8495-e80d234921df' name='Level 0' elevation='0.0' floorThickness='12.0' height='243.84' elevationIndex='0'/>
  <level id='level-a3e9de4d-085c-45df-bef5-87b0f1eaa028' name='Level 1' elevation='255.84' floorThickness='12.0' height='243.84' elevationIndex='0' visible='false'/>
  <pieceOfFurniture level='level-65c1c0ff-8daa-4c47-8495-e80d234921df' catalogId='eTeks#toiletUnit' name='Toilet unit' creator='eTeks' model='2' x='1187.3722' y='963.4115' angle='3.1415927' width='40.0' depth='80.0' height='62.2' modelSize='125874' movable='false'/>
  <pieceOfFurniture level='level-65c1c0ff-8daa-4c47-8495-e80d234921df' catalogId='eTeks#washbasinWithCabinet' name='Washbasin with cabinet' creator='eTeks' model='4' x='1274.3782' y='863.4882' angle='1.5707964' width='62.2' depth='57.2' height='96.5' modelSize='66142' movable='false'/>
  <pieceOfFurniture level='level-65c1c0ff-8daa-4c47-8495-e80d234921df' catalogId='eTeks#toiletUnit' name='Toilet unit' creator='eTeks' model='2' x='562.18713' y='1049.9491' angle='3.1415927' width='40.0' depth='80.0' height='62.2' modelSize='125874' movable='false'/>
  <pieceOfFurniture level='level-65c1c0ff-8daa-4c47-8495-e80d234921df' catalogId='eTeks#washbasin' name='Washbasin' creator='eTeks' model='6' x='698.15247' y='931.14734' angle='1.5707964' width='55.9' depth='47.0' height='96.5' modelSize='239991' movable='false'/>
  <pieceOfFurniture level='level-65c1c0ff-8daa-4c47-8495-e80d234921df' catalogId='Omari#frigorifero' name='Fridge' creator='Ben Omari' model='8/frigorifero_Scene.obj' x='455.2008' y='934.61676' angle='1.5707964' width='105.0' depth='72.0' height='190.0' modelSize='3824'/>
  <doorOrWindow level='level-65c1c0ff-8daa-4c47-8495-e80d234921df' catalogId='SeberRider#frontDoor2' name='Front door' creator='Seber Rider' model='10/frontDoor2.obj' x='966.57086' y='1015.90247' angle='3.1415925' width='93.3' depth='25.00075' height='216.0' modelMirrored='true' modelSize='96717' movable='false' wallCutOutOnBothSides='true'/>
  <pieceOfFurniture level='level-65c1c0ff-8daa-4c47-8495-e80d234921df' catalogId='eTeks#bed90x190' name='Single bed' creator='eTeks' model='12' x='560.29584' y='514.1998' width='121.9' depth='200.7' height='69.9' modelSize='11692'/>
  <pieceOfFurniture level='level-65c1c0ff-8daa-4c47-8495-e80d234921df' catalogId='eTeks#bed90x190' name='Single bed' creator='eTeks' model='12' x='956.0927' y='639.77075' angle='3.1415927' width='104.0' depth='200.0' height='69.9' modelSize='11692'/>
  <pieceOfFurniture level='level-65c1c0ff-8daa-4c47-8495-e80d234921df' catalogId='Bettinelli#armoireLotus' name='Wardrobe' creator='Gaël Bettinelli' model='14/armoireLotus.obj' x='1206.9104' y='706.02075' angle='3.1415927' width='179.5' depth='67.5' height='221.40001' modelSize='43795'/>
  <doorOrWindow level='level-65c1c0ff-8daa-4c47-8495-e80d234921df' catalogId='OlaKristianHoff#door_window_thick_double' name='Double door window' creator='Ola-Kristian Hoff' model='16/door_window_thick_double.obj' x='300.79993' y='235.78436' elevation='11.0' angle='1.7484555E-7' width='198.0' depth='47.18024' height='210.0' modelSize='18336' movable='false' cutOutShape='M0,0 v1 h1 v-1 z' wallCutOutOnBothSides='true'/>
  <doorOrWindow level='level-65c1c0ff-8daa-4c47-8495-e80d234921df' catalogId='OlaKristianHoff#door_window_thick_double' name='Double door window' creator='Ola-Kristian Hoff' model='16/door_window_thick_double.obj' x='1162.2972' y='235.78436' elevation='11.0' angle='1.7484555E-7' width='198.5' depth='47.18024' height='210.0' modelSize='18336' movable='false' cutOutShape='M0,0 v1 h1 v-1 z' wallCutOutOnBothSides='true'/>
  <doorOrWindow level='level-65c1c0ff-8daa-4c47-8495-e80d234921df' catalogId='OlaKristianHoff#door_window_thick' name='Door window' creator='Ola-Kristian Hoff' model='18/door_window_thick.obj' x='585.8621' y='235.78438' elevation='11.0' angle='1.7484555E-7' width='107.0' depth='47.18024' height='210.0' modelSize='11707' movable='false' cutOutShape='M0,0 v1 h1 v-1 z' wallCutOutOnBothSides='true'/>
  <doorOrWindow level='level-65c1c0ff-8daa-4c47-8495-e80d234921df' catalogId='OlaKristianHoff#door_window_thick' name='Door window' creator='Ola-Kristian Hoff' model='18/door_window_thick.obj' x='877.9049' y='235.78436' elevation='11.0' angle='1.7484555E-7' width='107.0' depth='47.18024' height='210.0' modelSize='11707' movable='false' cutOutShape='M0,0 v1 h1 v-1 z' wallCutOutOnBothSides='true'/>
  <pieceOfFurniture level='level-65c1c0ff-8daa-4c47-8495-e80d234921df' catalogId='OlaKristianHoff#railing_glass' name='Railing glass' creator='Ola-Kristian Hoff' model='20/railing_glass.obj' x='441.1772' y='78.9034' width='500.9' widthInPlan='500.90002' depth='5.6' height='130.0' modelSize='5016' movable='false'/>
  <pieceOfFurniture level='level-65c1c0ff-8daa-4c47-8495-e80d234921df' catalogId='OlaKristianHoff#railing_glass' name='Railing glass' creator='Ola-Kristian Hoff' model='20/railing_glass.obj' x='192.73003' y='104.4741' angle='1.5707964' width='56.5' widthInPlan='56.500042' depth='5.5' height='130.0' modelSize='5016' movable='false'/>
  <pieceOfFurniture level='level-65c1c0ff-8daa-4c47-8495-e80d234921df' catalogId='OlaKristianHoff#railing_glass' name='Railing glass' creator='Ola-Kristian Hoff' model='20/railing_glass.obj' x='689.4932' y='103.933846' angle='1.5707964' width='56.5' widthInPlan='56.500042' depth='5.5' height='130.0' modelSize='5016' movable='false'/>
  <pieceOfFurniture level='level-65c1c0ff-8daa-4c47-8495-e80d234921df' catalogId='OlaKristianHoff#railing_glass' name='Railing glass' creator='Ola-Kristian Hoff' model='20/railing_glass.obj' x='1022.21075' y='78.52687' width='500.9' widthInPlan='500.90002' depth='5.6' height='130.0' modelSize='5016' movable='false'/>
  <pieceOfFurniture level='level-65c1c0ff-8daa-4c47-8495-e80d234921df' catalogId='OlaKristianHoff#railing_glass' name='Railing glass' creator='Ola-Kristian Hoff' model='20/railing_glass.obj' x='774.3954' y='105.07599' angle='1.5707964' width='56.5' widthInPlan='56.500042' depth='5.5' height='130.0' modelSize='5016' movable='false'/>
  <pieceOfFurniture level='level-65c1c0ff-8daa-4c47-8495-e80d234921df' catalogId='OlaKristianHoff#railing_glass' name='Railing glass' creator='Ola-Kristian Hoff' model='20/railing_glass.obj' x='1271.5826' y='105.07599' angle='1.5707964' width='56.5' widthInPlan='56.500042' depth='5.5' height='130.0' modelSize='5016' movable='false'/>
  <pieceOfFurniture level='level-65c1c0ff-8daa-4c47-8495-e80d234921df' catalogId='Infernal-quack#bureauInformatique' name='Computer desk' creator='Infernal-quack' model='22' x='703.78357' y='373.42612' angle='1.5707964' width='117.1' depth='60.0' height='86.700005' modelSize='219259'/>
  <pieceOfFurniture level='level-65c1c0ff-8daa-4c47-8495-e80d234921df' catalogId='OlaKristianHoff#office_desk' name='Desk' creator='Ola-Kristian Hoff' model='24/office_desk.obj' x='773.90356' y='408.0336' angle='4.712389' width='120.0' depth='65.0' height='72.0' modelSize='6202'/>
  <pieceOfFurniture level='level-65c1c0ff-8daa-4c47-8495-e80d234921df' catalogId='Bettinelli#meubleChevet' name='Bedside table' creator='Gaël Bettinelli' model='26/meubleChevet.obj' x='1288.4781' y='412.03268' angle='1.5707964' width='39.9' depth='29.0' height='54.0' modelSize='33439'/>
  <pieceOfFurniture level='level-65c1c0ff-8daa-4c47-8495-e80d234921df' catalogId='Bettinelli#meubleChevet' name='Bedside table' creator='Gaël Bettinelli' model='26/meubleChevet.obj' x='1288.4781' y='625.9323' angle='1.5707964' width='39.9' depth='29.0' height='54.0' modelSize='33439'/>
  <pieceOfFurniture level='level-65c1c0ff-8daa-4c47-8495-e80d234921df' catalogId='Icybones#armoire' name='Wardrobe' creator='Icybones' model='28' x='549.1971' y='713.3707' angle='3.1415927' width='109.0' depth='52.8' height='200.5' modelSize='34973'/>
  <pieceOfFurniture level='level-65c1c0ff-8daa-4c47-8495-e80d234921df' catalogId='Scopia#wardrobe1' name='Wardrobe' creator='Scopia' model='30/wardrobe1.obj' x='768.3564' y='631.07074' angle='4.712389' width='217.40001' depth='53.0' height='200.0' modelSize='180682'/>
  <pieceOfFurniture level='level-65c1c0ff-8daa-4c47-8495-e80d234921df' catalogId='PeterSmolik#officeChair' name='Office chair' creator='Peter Smolik' model='32/officeChair.obj' x='643.9336' y='376.9687' angle='4.712389' width='62.600002' depth='59.7' height='87.3' modelSize='219916'/>
  <pieceOfFurniture level='level-65c1c0ff-8daa-4c47-8495-e80d234921df' catalogId='PeterSmolik#officeChair3' name='Office chair' creator='Peter Smolik' model='34/officeChair3.obj' x='834.6036' y='401.70123' angle='1.5707964' width='55.9' depth='56.4' height='107.0' modelSize='448819'/>
  <pieceOfFurniture level='level-65c1c0ff-8daa-4c47-8495-e80d234921df' catalogId='eTeks#chair' name='Chair' creator='eTeks' model='36' x='379.2215' y='677.306' angle='3.1415927' width='40.0' depth='41.9' height='90.200005' modelSize='3025'/>
  <pieceOfFurniture level='level-65c1c0ff-8daa-4c47-8495-e80d234921df' catalogId='eTeks#chair' name='Chair' creator='eTeks' model='36' x='380.1067' y='591.9339' width='40.0' depth='41.9' height='90.200005' modelSize='3025'/>
  <pieceOfFurniture level='level-65c1c0ff-8daa-4c47-8495-e80d234921df' catalogId='eTeks#chair' name='Chair' creator='eTeks' model='36' x='451.12946' y='593.2448' width='40.0' depth='41.9' height='90.200005' modelSize='3025'/>
  <pieceOfFurniture level='level-65c1c0ff-8daa-4c47-8495-e80d234921df' catalogId='eTeks#chair' name='Chair' creator='eTeks' model='36' x='449.79688' y='676.7664' angle='3.1415927' width='40.0' depth='41.9' height='90.200005' modelSize='3025'/>
  <pieceOfFurniture level='level-65c1c0ff-8daa-4c47-8495-e80d234921df' catalogId='Scopia#wall-flat-tv' name='Wall flat TV' creator='Scopia' model='38/wall-flat-tv.obj' x='165.933' y='380.69885' elevation='75.0' angle='4.712389' width='102.8' depth='10.900001' height='65.9' modelSize='36766'/>
  <pieceOfFurniture level='level-65c1c0ff-8daa-4c47-8495-e80d234921df' catalogId='Scopia#table_wood_and_iron' name='Coffee table' creator='Scopia' model='40/table_wood_and_iron.obj' x='341.47498' y='407.76746' angle='1.5707964' width='121.4' depth='75.9' height='50.3' modelSize='175637'/>
  <pieceOfFurniture level='level-65c1c0ff-8daa-4c47-8495-e80d234921df' catalogId='Scopia#clothes_washing_machine' name='Clothes washing machine' creator='Scopia' model='42/clothes_washing_machine.obj' x='1272.9281' y='969.0001' angle='1.5707964' width='59.0' depth='60.100002' height='84.200005' modelSize='94793'/>
  <pieceOfFurniture level='level-65c1c0ff-8daa-4c47-8495-e80d234921df' catalogId='Bettinelli#armoireLotus' name='Wardrobe' creator='Gaël Bettinelli' model='14/armoireLotus.obj' x='854.2696' y='967.8793' angle='1.5684474' width='170.0' depth='66.0' height='221.40001' modelSize='43795'/>
  <pieceOfFurniture level='level-65c1c0ff-8daa-4c47-8495-e80d234921df' catalogId='OlaKristianHoff#shower_cabin' name='Shower cabin' creator='Ola-Kristian Hoff' model='44/shower_cabin.obj' x='676.65247' y='1044.9491' angle='1.5707964' width='90.0' depth='90.0' height='199.0' modelSize='88727'/>
  <pieceOfFurniture level='level-65c1c0ff-8daa-4c47-8495-e80d234921df' catalogId='Snduc#bacADouchePlat' name='Shower cubicle' creator='Snduc' model='46' x='676.65247' y='1044.9491' angle='3.1415927' width='90.0' depth='90.0' height='6.5' modelRotation='0 0 1 0 1 0 -1 0 0' modelSize='29607' movable='false'/>
  <doorOrWindow level='level-65c1c0ff-8daa-4c47-8495-e80d234921df' catalogId='eTeks#frenchWindow85x200' name='French window' creator='eTeks' model='48' x='147.91502' y='950.9348' elevation='10.8' angle='4.712389' width='110.5' depth='54.864754' height='209.90001' modelMirrored='true' modelSize='9824' movable='false' cutOutShape='M0,0 v1 h1 v-1 z' wallCutOutOnBothSides='true'/>
  <doorOrWindow level='level-65c1c0ff-8daa-4c47-8495-e80d234921df' catalogId='eTeks#frenchWindow85x200' name='French window' creator='eTeks' model='48' x='147.91501' y='585.14923' elevation='10.8' angle='4.712389' width='110.5' depth='54.864754' height='209.90001' modelMirrored='true' modelSize='9824' movable='false' cutOutShape='M0,0 v1 h1 v-1 z' wallCutOutOnBothSides='true'/>
  <pieceOfFurniture level='level-65c1c0ff-8daa-4c47-8495-e80d234921df' name='HEMNES Bed frame with slatted bed base, black-brown' creator='Scopia' model='50/HEMNES_Bed_frame_with_slatted_bed_base_black-brown_king_size.obj' x='1197.4781' y='518.9823' angle='1.5707964' width='174.0' depth='211.0' height='122.0' modelSize='568158'/>
  <pieceOfFurniture level='level-65c1c0ff-8daa-4c47-8495-e80d234921df' catalogId='Bettinelli#meubleChaussures' name='Shoe cabinet' creator='Gaël Bettinelli' model='52/meubleChaussures.obj' x='1098.3636' y='966.27545' angle='1.5707964' width='71.700005' depth='39.600002' height='102.3' modelSize='54955'/>
  <pieceOfFurniture level='level-65c1c0ff-8daa-4c47-8495-e80d234921df' catalogId='OlaKristianHoff#bath_L' name='Bath L shape' creator='Ola-Kristian Hoff' model='54/bath_L.obj' x='1215.4529' y='789.88824' width='175.0' depth='85.0' height='186.0' modelSize='12552'/>
  <pieceOfFurniture level='level-65c1c0ff-8daa-4c47-8495-e80d234921df' catalogId='Pastierovic#cabinetWithBasin' name='Gray cabinet with basin' creator='Robert Pastierovic' model='56' x='390.49194' y='1058.9491' angle='3.1415927' width='80.0' depth='62.0' height='99.0' modelSize='21378'/>
  <pieceOfFurniture level='level-65c1c0ff-8daa-4c47-8495-e80d234921df' catalogId='Pastierovic#cabinet' name='Gray cabinet' creator='Robert Pastierovic' model='58' x='245.49194' y='1058.9491' angle='3.1415927' width='90.0' depth='62.0' height='86.0' modelSize='6487'/>
  <pieceOfFurniture level='level-65c1c0ff-8daa-4c47-8495-e80d234921df' catalogId='Pastierovic#drawers' name='Gray drawers' creator='Robert Pastierovic' model='60' x='180.48303' y='1058.9491' angle='3.1415927' width='40.0' depth='62.0' height='86.0' modelSize='7652'/>
  <pieceOfFurniture level='level-65c1c0ff-8daa-4c47-8495-e80d234921df' catalogId='Blend Swap CC-0#L_shaped_sofa' name='Corner sofa' creator='Nhumrod' model='62/L_shaped_sofa.obj' x='408.27106' y='369.04462' angle='1.5707964' width='233.7' depth='143.6' height='80.0' modelMirrored='true' modelSize='1398748'/>
  <pieceOfFurniture level='level-65c1c0ff-8daa-4c47-8495-e80d234921df' catalogId='Scopia#dining_room' name='Bookcase' creator='Scopia' model='64/dining_room.obj' x='178.68301' y='381.44235' angle='4.712389' width='255.6' depth='36.4' height='175.0' modelSize='260461'/>
  <pieceOfFurniture level='level-65c1c0ff-8daa-4c47-8495-e80d234921df' catalogId='eTeks#texturableBox' name='Box' creator='eTeks' model='66/texturableBox.obj' x='724.5351' y='142.17955' elevation='210.0' angle='3.1415927' width='1093.5' depth='18.300001' height='34.0' color='FFADADAD' modelSize='1661'/>
  <pieceOfFurniture level='level-65c1c0ff-8daa-4c47-8495-e80d234921df' name='glass box' model='68/Box_transp_glass.obj' x='1307.8357' y='181.19461' angle='3.1415927' width='20.0' depth='62.0' height='100.0' modelSize='1124'/>
  <pieceOfFurniture level='level-65c1c0ff-8daa-4c47-8495-e80d234921df' name='glass box' model='68/Box_transp_glass.obj' x='728.6232' y='182.42601' angle='3.1415927' width='20.0' depth='62.0' height='100.0' modelSize='1124'/>
  <doorOrWindow level='level-65c1c0ff-8daa-4c47-8495-e80d234921df' catalogId='eTeks#doorFrame' name='Door frame' creator='eTeks' model='70' x='854.81055' y='744.5548' angle='3.1415927' width='91.4' depth='12.192749' height='208.3' modelSize='1281' movable='false' cutOutShape='M0,0 v1 h1 v-1 z' wallCutOutOnBothSides='true'/>
  <doorOrWindow level='level-65c1c0ff-8daa-4c47-8495-e80d234921df' catalogId='eTeks#doorFrame' name='Door frame' creator='eTeks' model='70' x='785.01404' y='878.5059' angle='3.1438348' width='91.4' depth='12.192749' height='208.3' modelSize='1281' movable='false' cutOutShape='M0,0 v1 h1 v-1 z' wallCutOutOnBothSides='true'/>
  <doorOrWindow level='level-65c1c0ff-8daa-4c47-8495-e80d234921df' catalogId='eTeks#doorFrame' name='Door frame' creator='eTeks' model='70' x='616.6094' y='879.33154' angle='3.141932' width='91.4' depth='12.192749' height='208.3' modelSize='1281' movable='false' cutOutShape='M0,0 v1 h1 v-1 z' wallCutOutOnBothSides='true'/>
  <doorOrWindow level='level-65c1c0ff-8daa-4c47-8495-e80d234921df' catalogId='eTeks#doorFrame' name='Door frame' creator='eTeks' model='70' x='1122.9479' y='876.9596' angle='1.5707964' width='91.4' depth='12.192749' height='208.3' modelSize='1281' movable='false' cutOutShape='M0,0 v1 h1 v-1 z' wallCutOutOnBothSides='true'/>
  <doorOrWindow level='level-65c1c0ff-8daa-4c47-8495-e80d234921df' catalogId='eTeks#doorFrame' name='Door frame' creator='eTeks' model='70' x='1070.4596' y='744.5548' angle='3.1415927' width='91.4' depth='12.192749' height='208.3' modelSize='1281' movable='false' cutOutShape='M0,0 v1 h1 v-1 z' wallCutOutOnBothSides='true'/>
  <doorOrWindow level='level-65c1c0ff-8daa-4c47-8495-e80d234921df' catalogId='eTeks#doorFrame' name='Door frame' creator='eTeks' model='70' x='672.74695' y='744.5548' angle='3.1415927' width='91.4' depth='12.192749' height='208.3' modelSize='1281' movable='false' cutOutShape='M0,0 v1 h1 v-1 z' wallCutOutOnBothSides='true'/>
  <pieceOfFurniture level='level-65c1c0ff-8daa-4c47-8495-e80d234921df' catalogId='Blend Swap CC-BY#kitchenIsland' name='Island' creator='Jay-Artist' model='72/kitchenIsland.obj' x='243.98303' y='842.3613' width='167.0' widthInPlan='167.00002' depth='67.0' height='83.1' modelSize='322482'/>
  <pieceOfFurniture level='level-65c1c0ff-8daa-4c47-8495-e80d234921df' catalogId='Kator Legaz#glass-dining-table' name='Glass table' creator='Kator Legaz' model='74/glass-dining-table.obj' x='401.94867' y='635.7884' angle='3.1415927' width='161.8' depth='97.6' height='75.0' modelSize='10003'/>
  <pieceOfFurniture level='level-65c1c0ff-8daa-4c47-8495-e80d234921df' catalogId='Blend Swap CC-0#speaker2' name='Speaker' creator='Nhumrod' model='76/speaker2.obj' x='173.183' y='472.91827' elevation='175.0' angle='4.712389' width='22.1' depth='25.4' height='35.4' modelSize='331640'/>
  <pieceOfFurniture level='level-65c1c0ff-8daa-4c47-8495-e80d234921df' catalogId='Blend Swap CC-0#speaker2' name='Speaker' creator='Nhumrod' model='76/speaker2.obj' x='180.89226' y='296.26666' elevation='175.0' angle='4.712389' width='22.1' depth='25.4' height='35.4' modelSize='331640'/>
  <pieceOfFurniture level='level-65c1c0ff-8daa-4c47-8495-e80d234921df' catalogId='Blend Swap CC-BY#tulips' name='Tulips' creator='Nad451' model='78/tulips.obj' x='412.183' y='638.61316' elevation='75.0' width='31.800001' depth='25.2' height='42.7' modelSize='1485968'/>
  <pieceOfFurniture level='level-65c1c0ff-8daa-4c47-8495-e80d234921df' name='EXPEDIT Shelving unit, walnut effect (2x4)' creator='Scopia' model='80/EXPEDIT_shelving_unit_walnut_2x4.obj' x='784.02026' y='1070.4491' angle='3.1415927' width='79.0' depth='39.0' height='149.0' modelSize='643330'/>
  <pieceOfFurniture level='level-65c1c0ff-8daa-4c47-8495-e80d234921df' name='EXPEDIT Shelving unit, walnut effect (2x4)' creator='Scopia' model='80/EXPEDIT_shelving_unit_walnut_2x4.obj' x='783.5357' y='1070.4491' angle='3.1415927' width='79.0' depth='39.0' height='149.0' modelSize='643330'/>
  <pieceOfFurniture level='level-65c1c0ff-8daa-4c47-8495-e80d234921df' catalogId='Pastierovic#upperCabinet2' name='Gray smaller upper cabinet' creator='Robert Pastierovic' model='82' x='448.77576' y='932.33527' elevation='190.0' angle='1.5707964' width='107.0' depth='63.0' height='40.100002' modelSize='3579'/>
  <pieceOfFurniture level='level-65c1c0ff-8daa-4c47-8495-e80d234921df' catalogId='Pastierovic#drawers' name='Gray drawers' creator='Robert Pastierovic' model='60' x='320.49194' y='1058.9491' angle='3.1415927' width='60.0' depth='62.0' height='86.0' modelSize='7652'/>
  <pieceOfFurniture level='level-65c1c0ff-8daa-4c47-8495-e80d234921df' catalogId='Pastierovic#upperCabinet' name='Gray upper cabinet' creator='Robert Pastierovic' model='84' x='200.12433' y='1056.4491' elevation='84.0' angle='3.1415927' width='78.0' depth='67.0' height='81.0' modelSize='3577'/>
  <pieceOfFurniture level='level-65c1c0ff-8daa-4c47-8495-e80d234921df' catalogId='LucaPresidente#ovenFront' name='Oven front' creator='LucaPresidente' model='86/ovenFront.obj' x='200.61258' y='1027.3198' elevation='102.0' angle='3.1415927' width='60.0' depth='6.7000003' height='55.0' modelSize='101834'/>
  <pieceOfFurniture level='level-65c1c0ff-8daa-4c47-8495-e80d234921df' catalogId='Scopia#induction-cooker-4-zones' name='Induction cooker 4 zones' creator='Scopia' model='88/induction-cooker-4-zones.obj' x='322.49194' y='1058.7057' elevation='86.5' angle='3.1415927' width='56.0' depth='49.5' height='0.4' heightInPlan='0.40000007' modelSize='32930'/>
  <pieceOfFurniture level='level-65c1c0ff-8daa-4c47-8495-e80d234921df' catalogId='Scopia#kitchenHood' name='Hood' creator='Scopia' model='90/kitchenHood.obj' x='323.5403' y='1059.4507' elevation='151.0' angle='3.1415927' width='61.5' depth='54.5' height='13.5' heightInPlan='13.500003' modelSize='44376'/>
  <pieceOfFurniture level='level-65c1c0ff-8daa-4c47-8495-e80d234921df' catalogId='Pastierovic#upperCabinet' name='Gray upper cabinet' creator='Robert Pastierovic' model='84' x='200.20569' y='1056.4491' elevation='165.0' angle='3.1415927' width='77.5' depth='67.0' height='60.100002' modelSize='3577'/>
  <pieceOfFurniture level='level-65c1c0ff-8daa-4c47-8495-e80d234921df' catalogId='Pastierovic#upperCabinet' name='Gray upper cabinet' creator='Robert Pastierovic' model='84' x='277.7057' y='1056.4491' elevation='165.0' angle='3.1415927' width='77.5' depth='67.0' height='60.100002' modelSize='3577'/>
  <pieceOfFurniture level='level-65c1c0ff-8daa-4c47-8495-e80d234921df' catalogId='Pastierovic#upperCabinet' name='Gray upper cabinet' creator='Robert Pastierovic' model='84' x='355.2057' y='1056.4491' elevation='165.0' angle='3.1415927' width='77.5' depth='67.0' height='60.100002' modelSize='3577'/>
  <pieceOfFurniture level='level-65c1c0ff-8daa-4c47-8495-e80d234921df' catalogId='Pastierovic#upperCabinet' name='Gray upper cabinet' creator='Robert Pastierovic' model='84' x='412.24194' y='1056.6991' elevation='165.0' angle='3.1415927' width='36.5' depth='66.5' height='60.100002' modelSize='3577'/>
  <light level='level-65c1c0ff-8daa-4c47-8495-e80d234921df' catalogId='eTeks#pendantLamp' name='Pendant lamp' creator='eTeks' model='92' x='310.78302' y='959.2891' elevation='194.0' width='60.0' depth='60.0' height='80.0' modelSize='15723'/>
  <light level='level-65c1c0ff-8daa-4c47-8495-e80d234921df' catalogId='Scopia#saloon_lamp' name='Pendant lamp' creator='Scopia' model='94/saloon_lamp.obj' x='331.5856' y='551.7452' elevation='190.0' width='13.2' depth='83.6' height='60.0' modelSize='1403833'/>
  <pieceOfFurniture level='level-65c1c0ff-8daa-4c47-8495-e80d234921df' catalogId='Scopia#kitchenKnifeStandSet' name='Knife stand' creator='Scopia' model='96/kitchenKnifeStandSet.obj' x='173.15417' y='841.63684' elevation='83.1' width='9.0' depth='27.1' height='21.9' modelSize='179864'/>
  <wall id='wall-9bd64f97-e131-4c73-872c-53165b5b9d1f' level='level-65c1c0ff-8daa-4c47-8495-e80d234921df' xStart='1312.9781' yStart='251.01929' xEnd='1312.9781' yEnd='1028.0193' height='243.84' thickness='20.0' pattern='hatchUp'/>
  <wall id='wall-9bfe6282-b05d-4103-ba87-14611430c89a' level='level-65c1c0ff-8daa-4c47-8495-e80d234921df' xStart='1322.0659' yStart='1015.9115' xEnd='1013.5659' yEnd='1015.9115' height='243.84' thickness='25.0' pattern='hatchUp'/>
  <wall id='wall-35d4d4f7-7e7d-4e89-bfe4-8452dac1f525' level='level-65c1c0ff-8daa-4c47-8495-e80d234921df' xStart='919.914' yStart='1015.90247' xEnd='888.114' yEnd='1015.90247' height='243.84' thickness='25.0' pattern='hatchUp'/>
  <wall id='wall-654c5de5-0c26-4c6b-ba69-33c426a2f43e' level='level-65c1c0ff-8daa-4c47-8495-e80d234921df' xStart='900.62067' yStart='1108.9945' xEnd='900.62067' yEnd='1027.9945' height='243.84' thickness='25.0' pattern='hatchUp'/>
  <wall id='wall-25991ff2-d73b-43ff-ace4-691a849b1718' level='level-65c1c0ff-8daa-4c47-8495-e80d234921df' xStart='731.8564' yStart='634.70703' xEnd='731.8564' yEnd='514.20703' height='243.84' thickness='20.0' pattern='hatchUp'>
    <texture attribute='rightSideTexture' name='Little stones' creator='Scopia' catalogId='eTeksScopia#wall_with_little_stones' width='100.0' height='100.0' image='104'/>
  </wall>
  <wall id='wall-9fa5e9aa-b077-48fc-a1fa-1b6ebc5c41d4' level='level-65c1c0ff-8daa-4c47-8495-e80d234921df' xStart='487.64868' yStart='251.71115' xEnd='487.64868' yEnd='744.7112' height='243.84' thickness='9.6' pattern='hatchUp'/>
  <wall id='wall-84e46adc-ee1d-4b8f-bc1e-df11f0641a76' level='level-65c1c0ff-8daa-4c47-8495-e80d234921df' xStart='737.59357' yStart='251.71115' xEnd='737.59357' yEnd='514.20703' height='243.84' thickness='7.62' pattern='hatchUp'>
    <texture attribute='leftSideTexture' name='Little stones' creator='Scopia' catalogId='eTeksScopia#wall_with_little_stones' width='100.0' height='100.0' image='104'/>
  </wall>
  <wall id='wall-40c4ec20-c1f2-467c-8c5b-a4be4d39fdb6' level='level-65c1c0ff-8daa-4c47-8495-e80d234921df' xStart='737.59357' yStart='748.6873' xEnd='737.59357' yEnd='634.70703' height='243.84' thickness='7.62' pattern='hatchUp'>
    <texture attribute='rightSideTexture' name='Little stones' creator='Scopia' catalogId='eTeksScopia#wall_with_little_stones' width='100.0' height='100.0' image='104'/>
  </wall>
  <wall id='wall-744cc891-940f-4417-8adf-bfa874e73e2d' level='level-65c1c0ff-8daa-4c47-8495-e80d234921df' xStart='1122.9637' yStart='748.6873' xEnd='1122.9637' yEnd='1007.6444' height='243.84' thickness='9.6' pattern='hatchUp'/>
  <wall id='wall-a149c84b-9a93-48e9-8a3e-ba52e5e65bd7' level='level-65c1c0ff-8daa-4c47-8495-e80d234921df' xStart='1012.8927' yStart='251.71115' xEnd='1012.8927' yEnd='739.70337' height='243.84' thickness='9.6' pattern='hatchUp'>
    <texture attribute='rightSideTexture' name='Little stones' creator='Scopia' catalogId='eTeksScopia#wall_with_little_stones' width='100.0' height='100.0' image='104'/>
  </wall>
  <wall id='wall-d5fa2350-18e5-4be4-bf8f-28ffcefcda56' level='level-65c1c0ff-8daa-4c47-8495-e80d234921df' xStart='717.7642' yStart='878.15826' xEnd='898.7642' yEnd='878.15826' height='243.84' thickness='11.1' arcExtent='-0.017453292' pattern='hatchUp'/>
  <wall id='wall-23500ce3-eaf8-4cb9-9428-e6c246132c61' level='level-65c1c0ff-8daa-4c47-8495-e80d234921df' xStart='893.3086' yStart='881.0584' xEnd='893.3086' yEnd='1003.95844' height='243.84' thickness='11.1' arcExtent='-0.017453292' pattern='hatchUp'/>
  <wall id='wall-58176487-6060-4f5d-a629-07a28d8509a5' level='level-65c1c0ff-8daa-4c47-8495-e80d234921df' xStart='492.2179' yStart='875.83527' xEnd='430.7179' yEnd='875.83527' height='243.84' thickness='6.0' pattern='hatchUp'/>
  <wall id='wall-37de07fc-d073-4720-8cff-70110f45d9ed' level='level-65c1c0ff-8daa-4c47-8495-e80d234921df' xStart='501.99927' yStart='878.83484' xEnd='740.49927' yEnd='878.83484' height='243.84' thickness='12.1' arcExtent='-0.017453292' pattern='hatchUp'>
    <texture attribute='rightSideTexture' name='Pastel gray sponge wallpaint' creator='Scopia' catalogId='eTeksScopia#pastel-gray-sponge-wallpaint' width='100.0' height='100.0' image='105'/>
  </wall>
  <wall id='wall-fd0466fa-223c-4592-92a7-7f742e3c9232' level='level-65c1c0ff-8daa-4c47-8495-e80d234921df' xStart='430.5124' yStart='996.80896' xEnd='501.99927' yEnd='996.80896' height='243.84' thickness='8.6' pattern='hatchUp'/>
  <wall id='wall-cb1fee3a-6053-4a49-891f-87f1145359a2' level='level-65c1c0ff-8daa-4c47-8495-e80d234921df' xStart='434.79193' yStart='998.3856' xEnd='434.79193' yEnd='1090.6857' height='243.84' thickness='8.6' pattern='hatchUp'/>
  <wall id='wall-e5a7d97a-d965-4bb7-be19-2ae065ad77a9' level='level-65c1c0ff-8daa-4c47-8495-e80d234921df' xStart='1019.01196' yStart='1007.6444' xEnd='918.412' yEnd='1007.6444' height='243.84' thickness='8.0' arcExtent='-0.017453292' pattern='hatchUp'/>
  <wall id='wall-a0a42ec0-8fda-4974-83ac-6895be41c2e2' level='level-65c1c0ff-8daa-4c47-8495-e80d234921df' wallAtEnd='wall-a39b7497-d9ef-44ac-a259-a280f6cd6388' xStart='190.21033' yStart='141.83986' xEnd='160.21033' yEnd='141.83986' height='243.84' thickness='18.1' pattern='hatchUp'/>
  <wall id='wall-a39b7497-d9ef-44ac-a259-a280f6cd6388' level='level-65c1c0ff-8daa-4c47-8495-e80d234921df' wallAtStart='wall-a0a42ec0-8fda-4974-83ac-6895be41c2e2' xStart='160.21033' yStart='141.83986' xEnd='160.21033' yEnd='213.33438' height='243.84' thickness='18.1' pattern='hatchUp'/>
  <wall id='wall-167de2fa-77aa-41df-afa3-45528f33028c' level='level-65c1c0ff-8daa-4c47-8495-e80d234921df' xStart='772.0704' yStart='142.376' xEnd='692.0704' yEnd='142.376' height='243.84' thickness='18.1' pattern='hatchUp'/>
  <wall id='wall-8b47ca98-f25d-4880-afef-49284fd0b873' level='level-65c1c0ff-8daa-4c47-8495-e80d234921df' xStart='1322.9738' yStart='142.376' xEnd='1272.184' yEnd='142.376' height='243.84' thickness='18.1' pattern='hatchUp'/>
  <wall id='wall-ef3993a1-08b2-4486-9523-4aa471fa11c4' level='level-65c1c0ff-8daa-4c47-8495-e80d234921df' wallAtEnd='wall-9d2654a2-e65e-4dcf-9230-b2a31754e246' xStart='140.48303' yStart='1109.0354' xEnd='140.48303' yEnd='1099.4491' height='243.84' thickness='40.0' pattern='hatchUp'/>
  <wall id='wall-9d2654a2-e65e-4dcf-9230-b2a31754e246' level='level-65c1c0ff-8daa-4c47-8495-e80d234921df' wallAtStart='wall-ef3993a1-08b2-4486-9523-4aa471fa11c4' xStart='140.48303' yStart='1099.4491' xEnd='140.48299' yEnd='212.21115' height='243.84' thickness='40.0' pattern='hatchUp'/>
  <wall id='wall-7eaa2daf-73e4-4778-a7b0-b637c8a94e90' level='level-65c1c0ff-8daa-4c47-8495-e80d234921df' wallAtEnd='wall-826d01e8-e68f-4cf8-bf03-44316e888c3d' xStart='888.2103' yStart='1099.4491' xEnd='497.2008' yEnd='1099.4491' height='243.84' thickness='19.0' pattern='hatchUp'>
    <texture attribute='rightSideTexture' name='Pastel gray sponge wallpaint' creator='Scopia' catalogId='eTeksScopia#pastel-gray-sponge-wallpaint' width='100.0' height='100.0' image='105'/>
  </wall>
  <wall id='wall-746c81ec-3f03-4ef6-a16a-4d68548abbd6' level='level-65c1c0ff-8daa-4c47-8495-e80d234921df' wallAtStart='wall-b8d7ff55-490c-4539-ab93-51d6f738db89' xStart='497.2008' yStart='875.83527' xEnd='497.2008' yEnd='872.82355' height='243.84' thickness='12.0' pattern='hatchUp'/>
  <wall id='wall-826d01e8-e68f-4cf8-bf03-44316e888c3d' level='level-65c1c0ff-8daa-4c47-8495-e80d234921df' wallAtStart='wall-7eaa2daf-73e4-4778-a7b0-b637c8a94e90' wallAtEnd='wall-18142079-e363-4d85-9d54-886e110b6e5c' xStart='497.2008' yStart='1099.4491' xEnd='434.79193' yEnd='1099.4491' height='243.84' thickness='19.0' pattern='hatchUp'/>
  <wall id='wall-18142079-e363-4d85-9d54-886e110b6e5c' level='level-65c1c0ff-8daa-4c47-8495-e80d234921df' wallAtStart='wall-826d01e8-e68f-4cf8-bf03-44316e888c3d' xStart='434.79193' yStart='1099.4491' xEnd='160.21033' yEnd='1099.4491' height='243.84' thickness='19.0' pattern='hatchUp'>
    <texture attribute='rightSideTexture' name='Green and black tiles' creator='Scopia' catalogId='eTeksScopia#green-and-black-bathroom-tiles' width='100.0' height='100.0' image='106'/>
  </wall>
  <wall id='wall-d3a2087e-fa68-4697-896c-45a9f281a97b' level='level-65c1c0ff-8daa-4c47-8495-e80d234921df' wallAtEnd='wall-b8d7ff55-490c-4539-ab93-51d6f738db89' xStart='497.2008' yStart='1090.1228' xEnd='497.2008' yEnd='996.80896' height='243.84' thickness='12.0' pattern='hatchUp'>
    <texture attribute='rightSideTexture' name='Pastel gray sponge wallpaint' creator='Scopia' catalogId='eTeksScopia#pastel-gray-sponge-wallpaint' width='100.0' height='100.0' image='105'/>
  </wall>
  <wall id='wall-b8d7ff55-490c-4539-ab93-51d6f738db89' level='level-65c1c0ff-8daa-4c47-8495-e80d234921df' wallAtStart='wall-d3a2087e-fa68-4697-896c-45a9f281a97b' wallAtEnd='wall-746c81ec-3f03-4ef6-a16a-4d68548abbd6' xStart='497.2008' yStart='996.80896' xEnd='497.2008' yEnd='875.83527' height='243.84' thickness='12.0' pattern='hatchUp'>
    <texture attribute='rightSideTexture' name='Pastel gray sponge wallpaint' creator='Scopia' catalogId='eTeksScopia#pastel-gray-sponge-wallpaint' width='100.0' height='100.0' image='105'/>
  </wall>
  <wall id='wall-28773fcf-a50f-42d0-9136-a19c34585595' level='level-65c1c0ff-8daa-4c47-8495-e80d234921df' wallAtStart='wall-20019d30-dbbc-43e8-b7d3-4d9ba36273de' xStart='737.59357' yStart='744.57074' xEnd='1303.1023' yEnd='744.57074' height='243.84' thickness='9.6' pattern='hatchUp'>
    <texture attribute='leftSideTexture' name='Little stones' creator='Scopia' catalogId='eTeksScopia#wall_with_little_stones' width='100.0' height='100.0' image='104'/>
  </wall>
  <wall id='wall-bb407d29-f047-401c-87ff-e04260bc9cb4' level='level-65c1c0ff-8daa-4c47-8495-e80d234921df' wallAtStart='wall-651f46f1-797b-41e0-9339-0a1bfe114529' wallAtEnd='wall-e6da2cd3-9257-4430-85c7-4824c0d1db1a' xStart='737.59357' yStart='232.19461' xEnd='487.64868' yEnd='232.19461' height='243.84' thickness='40.0' pattern='hatchUp'/>
  <wall id='wall-ad2e169a-0a16-4ffe-b4f6-2a1d8b3aa904' level='level-65c1c0ff-8daa-4c47-8495-e80d234921df' wallAtEnd='wall-651f46f1-797b-41e0-9339-0a1bfe114529' xStart='1322.9738' yStart='232.19461' xEnd='1012.8927' yEnd='232.19461' height='243.84' thickness='40.0' pattern='hatchUp'/>
  <wall id='wall-651f46f1-797b-41e0-9339-0a1bfe114529' level='level-65c1c0ff-8daa-4c47-8495-e80d234921df' wallAtStart='wall-ad2e169a-0a16-4ffe-b4f6-2a1d8b3aa904' wallAtEnd='wall-bb407d29-f047-401c-87ff-e04260bc9cb4' xStart='1012.8927' yStart='232.19461' xEnd='737.59357' yEnd='232.19461' height='243.84' thickness='40.0' pattern='hatchUp'>
    <texture attribute='leftSideTexture' name='Little stones' creator='Scopia' catalogId='eTeksScopia#wall_with_little_stones' width='100.0' height='100.0' image='104'/>
  </wall>
  <wall id='wall-3a929daa-9c91-48ec-a9ce-e52179a9ce9f' level='level-65c1c0ff-8daa-4c47-8495-e80d234921df' xStart='859.21735' yStart='1054.3187' xEnd='859.21735' yEnd='1095.8187' height='243.84' thickness='8.6' pattern='hatchUp'/>
  <wall id='wall-369a9918-c733-4179-8e8a-40569ee9edb3' level='level-65c1c0ff-8daa-4c47-8495-e80d234921df' xStart='857.5964' yStart='1058.3712' xEnd='893.5964' yEnd='1058.3712' height='243.84' thickness='8.6' pattern='hatchUp'/>
  <wall id='wall-49a5bb87-4b6d-4629-b61a-64388da72490' level='level-65c1c0ff-8daa-4c47-8495-e80d234921df' xStart='160.21039' yStart='141.83986' xEnd='160.21039' yEnd='213.33438' height='243.84' thickness='18.1' pattern='hatchUp'/>
  <wall id='wall-256c4c77-3e0a-4eb5-b8e4-f9bdbdfdd054' level='level-65c1c0ff-8daa-4c47-8495-e80d234921df' wallAtEnd='wall-20019d30-dbbc-43e8-b7d3-4d9ba36273de' xStart='482.70227' yStart='744.57074' xEnd='487.64868' yEnd='744.57074' height='243.84' thickness='9.6' pattern='hatchUp'/>
  <wall id='wall-20019d30-dbbc-43e8-b7d3-4d9ba36273de' level='level-65c1c0ff-8daa-4c47-8495-e80d234921df' wallAtStart='wall-256c4c77-3e0a-4eb5-b8e4-f9bdbdfdd054' wallAtEnd='wall-28773fcf-a50f-42d0-9136-a19c34585595' xStart='487.64868' yStart='744.57074' xEnd='737.59357' yEnd='744.57074' height='243.84' thickness='9.6' pattern='hatchUp'/>
  <wall id='wall-e6da2cd3-9257-4430-85c7-4824c0d1db1a' level='level-65c1c0ff-8daa-4c47-8495-e80d234921df' wallAtStart='wall-bb407d29-f047-401c-87ff-e04260bc9cb4' wallAtEnd='wall-ab9c64cc-ddc4-46ad-b645-3199500bc704' xStart='487.64868' yStart='232.19461' xEnd='160.21033' yEnd='232.19461' height='243.84' thickness='40.0' pattern='hatchUp'/>
  <wall id='wall-ab9c64cc-ddc4-46ad-b645-3199500bc704' level='level-65c1c0ff-8daa-4c47-8495-e80d234921df' wallAtStart='wall-e6da2cd3-9257-4430-85c7-4824c0d1db1a' xStart='160.21033' yStart='232.19461' xEnd='126.473785' yEnd='232.19461' height='243.84' thickness='40.0' pattern='hatchUp'/>
  <wall id='wall-c48c3b6e-07b8-4735-b1f7-c579d2a0e119' level='level-65c1c0ff-8daa-4c47-8495-e80d234921df' wallAtEnd='wall-05f8e4b9-627b-49f1-94d9-7044629ec5cc' xStart='731.65247' yStart='1089.9064' xEnd='731.65247' yEnd='878.83484' height='243.84' thickness='20.0' pattern='hatchUp'>
    <texture attribute='leftSideTexture' name='Pastel gray sponge wallpaint' creator='Scopia' catalogId='eTeksScopia#pastel-gray-sponge-wallpaint' width='100.0' height='100.0' image='105'/>
  </wall>
  <wall id='wall-05f8e4b9-627b-49f1-94d9-7044629ec5cc' level='level-65c1c0ff-8daa-4c47-8495-e80d234921df' wallAtStart='wall-c48c3b6e-07b8-4735-b1f7-c579d2a0e119' xStart='731.65247' yStart='878.83484' xEnd='731.65247' yEnd='872.6064' height='243.84' thickness='20.0' pattern='hatchUp'/>
  <room id='room-7b66fd85-ae39-48f8-8ab9-af63a85acaa1' level='level-65c1c0ff-8daa-4c47-8495-e80d234921df' name='Kitchen' areaVisible='true'>
    <texture attribute='floorTexture' name='Gray ceramic tiles' creator='Scopia' catalogId='eTeksScopia#grey-ceramic-tiles' width='100.0' height='100.0' image='97'/>
    <point x='430.7179' y='872.6817'/>
    <point x='160.48303' y='872.6817'/>
    <point x='160.48302' y='1089.7955'/>
    <point x='430.49194' y='1089.7955'/>
    <point x='430.5124' y='992.3554'/>
    <point x='491.2008' y='992.3554'/>
    <point x='491.2008' y='872.67'/>
  </room>
  <room id='room-f524a97c-60fb-4e85-ae50-bd7a28029b50' level='level-65c1c0ff-8daa-4c47-8495-e80d234921df' name='Bathroom' areaVisible='true'>
    <texture attribute='floorTexture' name='Dark ceramic tiles' creator='Scopia' catalogId='eTeksScopia#dark-ceramic-tiles' width='100.0' height='100.0' image='98'/>
    <point x='503.2008' y='884.89496'/>
    <point x='721.65247' y='885.035'/>
    <point x='721.65247' y='1089.9064'/>
    <point x='503.2008' y='1089.9064'/>
  </room>
  <room id='room-c0624c99-e7cf-425d-9892-15619efc388e' level='level-65c1c0ff-8daa-4c47-8495-e80d234921df' name='Living room' areaVisible='true'>
    <texture attribute='floorTexture' name='Light beige wooden floor' creator='Scopia' catalogId='eTeksScopia#light-beige-parquet' width='100.0' height='100.0' image='99'/>
    <point x='160.48299' y='249.3544'/>
    <point x='482.8487' y='249.3544'/>
    <point x='482.84866' y='872.82355'/>
    <point x='160.48303' y='872.6817'/>
  </room>
  <room id='room-70d0ef5e-87c6-446d-9790-c3ed4ed685ce' level='level-65c1c0ff-8daa-4c47-8495-e80d234921df' name='Bedroom' areaVisible='true'>
    <texture attribute='floorTexture' name='Old brown wooden floor' creator='Scopia' catalogId='eTeksScopia#old-brown-parquet' width='100.0' height='100.0' image='100'/>
    <point x='492.44867' y='252.19461'/>
    <point x='733.78357' y='252.19461'/>
    <point x='733.78357' y='739.77075'/>
    <point x='492.44867' y='739.77075'/>
  </room>
  <room id='room-85d9abc1-2aa0-48d6-8203-7d4e0b3ce029' level='level-65c1c0ff-8daa-4c47-8495-e80d234921df' name='Bedroom' areaVisible='true'>
    <texture attribute='floorTexture' name='Old brown wooden floor' creator='Scopia' catalogId='eTeksScopia#old-brown-parquet' width='100.0' height='100.0' image='100'/>
    <point x='1017.6927' y='252.19461'/>
    <point x='1304.1312' y='251.04144'/>
    <point x='1304.1312' y='738.61755'/>
    <point x='1017.6927' y='739.70337'/>
  </room>
  <room id='room-c2e859ef-c795-4417-99af-31b975371e56' level='level-65c1c0ff-8daa-4c47-8495-e80d234921df' name='Office' areaVisible='true'>
    <texture attribute='floorTexture' name='Old brown wooden floor' creator='Scopia' catalogId='eTeksScopia#old-brown-parquet' width='100.0' height='100.0' image='100'/>
    <point x='741.40356' y='252.19461'/>
    <point x='1008.0927' y='252.19461'/>
    <point x='1008.0927' y='739.70337'/>
    <point x='741.40356' y='739.70337'/>
  </room>
  <room id='room-2071216b-a5c6-4431-8a7a-59dbf92d4277' level='level-65c1c0ff-8daa-4c47-8495-e80d234921df' name='Wardrobe' areaVisible='true'>
    <texture attribute='floorTexture' name='Brown circles carpeting' creator='Scopia' catalogId='eTeksScopia#brown-circles-floor-carpeting' width='90.0' height='90.0' image='101'/>
    <point x='741.65247' y='1089.9064'/>
    <point x='854.65247' y='1089.9064'/>
    <point x='854.65247' y='1052.9064'/>
    <point x='888.114' y='1052.9064'/>
    <point x='888.114' y='881.0097'/>
    <point x='740.5524' y='881.0097'/>
  </room>
  <room id='room-e721fe3b-33f5-4c53-b208-73a6c35f4f9e' level='level-65c1c0ff-8daa-4c47-8495-e80d234921df' name='Bathroom' areaVisible='true'>
    <texture attribute='floorTexture' name='Light blue tiles' creator='eTeks' catalogId='eTeks#lightBlueTile' width='33.5' height='33.5' image='102'/>
    <point x='1127.7638' y='749.3707'/>
    <point x='1302.9781' y='749.3707'/>
    <point x='1302.9781' y='1003.4115'/>
    <point x='1127.7638' y='1003.4115'/>
  </room>
  <room id='room-52b13e16-3ad9-4052-8c7c-8a5bcd2e9c1c' level='level-65c1c0ff-8daa-4c47-8495-e80d234921df' name='Hall' areaVisible='true'>
    <texture attribute='floorTexture' name='Light beige wooden floor' creator='Scopia' catalogId='eTeksScopia#light-beige-parquet' width='100.0' height='100.0' image='99'/>
    <point x='1127.7638' y='1003.4115'/>
    <point x='898.8542' y='1003.40247'/>
    <point x='898.71594' y='872.6084'/>
    <point x='482.84866' y='872.82355'/>
    <point x='482.70227' y='749.3707'/>
    <point x='1127.7638' y='749.3707'/>
  </room>
  <room id='room-119ced4d-2c55-4270-aec3-e574581bd29c' level='level-65c1c0ff-8daa-4c47-8495-e80d234921df' name='Balcony' areaVisible='true' ceilingVisible='false'>
    <texture attribute='floorTexture' name='Gray Tiles' creator='Scopia' catalogId='eTeksScopia#terrazo-floor' width='80.0' height='80.0' image='103'/>
    <point x='169.26039' y='150.88986'/>
    <point x='169.26039' y='212.19461'/>
    <point x='1297.2604' y='212.19461'/>
    <point x='1297.2604' y='151.42601'/>
    <point x='1272.184' y='151.42601'/>
    <point x='1272.184' y='79.42601'/>
    <point x='772.0704' y='79.426056'/>
    <point x='772.0704' y='150.88986'/>
    <point x='692.0704' y='151.42601'/>
    <point x='692.0704' y='79.426056'/>
    <point x='190.21033' y='79.4261'/>
    <point x='190.21033' y='150.88986'/>
    <point x='169.26039' y='150.88986'/>
  </room>
</home>